{
  "best_metric": null,
  "best_model_checkpoint": null,
  "epoch": 0.07496251874062969,
  "eval_steps": 500,
  "global_step": 50,
  "is_hyper_param_search": false,
  "is_local_process_zero": true,
  "is_world_process_zero": true,
  "log_history": [
    {
      "epoch": 0.07,
      "grad_norm": 14.75179386138916,
      "learning_rate": 9.947045166170314e-07,
      "logits/chosen": -22.07879066467285,
      "logits/rejected": -22.386198043823242,
      "logps/chosen": -75.86685943603516,
      "logps/rejected": -118.37317657470703,
      "loss": 0.628,
      "rewards/accuracies": 0.7966666221618652,
      "rewards/chosen": 0.05139046534895897,
      "rewards/margins": 0.14478038251399994,
      "rewards/rejected": -0.09338992089033127,
      "step": 50
    }
  ],
  "logging_steps": 50,
  "max_steps": 667,
  "num_input_tokens_seen": 0,
  "num_train_epochs": 1,
  "save_steps": 50,
  "total_flos": 0.0,
  "train_batch_size": 3,
  "trial_name": null,
  "trial_params": null
}
